,residue,position_0,position_1,position_2,position_3,position_4,position_5,position_6,position_7,position_8,position_9,position_10,position_11,position_12,position_13,position_14
0,1.0,0.0,0.0,0.0,0.0,0.0,0.0,0.0,0.0,0.0,0.0,0.0,0.0,0.0,0.0,0.0
1,2.0,0.0,0.0,0.0,0.0,0.0,0.0,0.0,0.0,0.0,0.0,0.0,0.0,0.0,0.0,0.0
2,3.0,0.0,0.0,0.0,0.0,0.0,0.0,0.0,0.0,0.0,0.0,0.0,0.0,0.0,0.0,0.0
3,4.0,0.006,0.001,0.006,0.001,0.008,0.008,0.001,0.0,0.0,0.0,0.0,0.0,0.0,0.0,0.0
4,5.0,0.309,0.102,0.047,0.0,0.0,0.0,0.0,0.0,0.0,0.0,0.0,0.0,0.0,0.0,0.0
5,6.0,0.0,0.0,0.0,0.0,0.0,0.0,0.0,0.001,0.0,0.0,0.002,0.0010070493454179255,0.001,0.0,0.003
6,7.0,0.0,0.0,0.0,0.0,0.0,0.0,0.0,0.0,0.001,0.001,0.001,0.0,0.003,0.001,0.001
7,8.0,0.002,0.0,0.001,0.009,0.002,0.002,0.003,0.008,0.002,0.013,0.019,0.01812688821752266,0.033,0.079,0.039
8,9.0,0.017,0.095,0.074,0.009,0.017,0.014,0.008,0.002,0.001,0.017,0.049,0.03121852970795569,0.107,0.161,0.066
9,10.0,0.038,0.03,0.063,0.026,0.028,0.031,0.013,0.001,0.001,0.005,0.021,0.08559919436052367,0.225,0.313,0.127
10,11.0,0.05,0.046,0.084,0.052,0.035,0.036,0.046,0.03,0.004,0.005,0.052,0.16012084592145015,0.24,0.347,0.184
11,12.0,0.054,0.053,0.074,0.055,0.034,0.041,0.047,0.049,0.005,0.002,0.044,0.1148036253776435,0.231,0.336,0.164
12,13.0,0.029,0.046,0.063,0.124,0.059,0.072,0.067,0.031,0.022,0.003,0.042,0.07452165156092648,0.083,0.036,0.053
13,14.0,0.049,0.058,0.05,0.081,0.052,0.06,0.072,0.14,0.035,0.014,0.001,0.0010070493454179255,0.002,0.006,0.018
14,15.0,0.116,0.15,0.118,0.133,0.103,0.103,0.118,0.138,0.132,0.073,0.019,0.0010070493454179255,0.001,0.002,0.001
15,16.0,0.156,0.162,0.135,0.14,0.097,0.094,0.129,0.121,0.15,0.172,0.119,0.05840886203423968,0.016,0.0,0.0
16,17.0,0.008,0.011,0.005,0.003,0.006,0.006,0.003,0.012,0.005,0.007,0.005,0.002014098690835851,0.003,0.0,0.0
17,18.0,0.0,0.0,0.0,0.0,0.0,0.0,0.0,0.0,0.0,0.0,0.0,0.0,0.0,0.0,0.0
